Workbook

Sheet Saisies
A1: Saisies — votre poids lourd
A2: Choisissez d'abord le type ; les valeurs ci-dessous reprennent les presets par défaut, modifiables.
A4: Type de véhicule
A5: Type | B5: tracteur | C5: tracteur (40 t, longue distance, aide max 100 k€) · porteur (19-26 t, urbain, aide max 50 k€).
A7: Mon véhicule (prix & maintenance)
A8: Prix diesel (€ HT) | B8: 110000 | C8: Préset tracteur. Mettre 80 000 pour un porteur.
A9: Prix électrique (€ HT) | B9: 285000 | C9: Préset tracteur. Mettre 195 000 pour un porteur.
A10: Maintenance diesel (€/an) | B10: 7000
A11: Maintenance électrique (€/an) | B11: 4000
A13: Mon exploitation
A14: Kilométrage annuel (km) | B14: 85000 | C14: Pivot DGEC : 85 000 km/an pour un tracteur.
A15: Durée de détention (ans) | B15: 5 | C15: 3 à 10 ans.
A16: Conso diesel (L/100 km) | B16: 30
A17: Conso électrique (kWh/100 km) | B17: 130
A19: Prix de l'énergie
A20: Prix gazole pro TTC (€/L) | B20: 1.85 | C20: Hors remboursement TICPE.
A21: Prix électricité recharge (€/kWh) | B21: 0.28 | C21: Mix dépôt nuit (~0,20) + hub itinérance (~0,40).
A23: Aide à l'achat
A24: Aide mobilisée (€) | B24: 100000 | C24: Sera plafonnée à 100 000 € (tracteur) ou 50 000 € (porteur) selon le type.

Sheet Hypothèses
A1: Hypothèses — Poids lourd électrique vs diesel 2026
A2: Cellules bleues modifiables. Presets tracteur/porteur appliqués automatiquement selon le type choisi.
A4: Presets par type de poids lourd
A5: Paramètre | B5: Tracteur | C5: Porteur
A6: Prix diesel (€ HT) | B6: 110000 | C6: 80000 | D6: Indicatif marché 2026
A7: Prix électrique (€ HT) | B7: 285000 | C7: 195000 | D7: Indicatif marché 2026
A8: Conso diesel (L/100 km) | B8: 30 | C8: 25 | D8: IRU / FCM 2024-2025
A9: Conso électrique (kWh/100 km) | B9: 130 | C9: 100 | D9: T&E 2024 — tracteur 40 t
A10: Maintenance diesel (€/an) | B10: 7000 | C10: 5000 | D10: CNR — référentiel coûts
A11: Maintenance électrique (€/an) | B11: 4000 | C11: 3000 | D11: −40 % vs diesel (estim.)
A12: Aide max mobilisable (€) | B12: 100000 | C12: 50000 | D12: Plan d'électrification 2026 — Mesure 12
A14: Prix énergies par défaut (modifiables)
A15: Prix gazole pro TTC (€/L) | B15: 1.85 | D15: Hors remboursement TICPE
A16: Prix électricité recharge (€/kWh) | B16: 0.28 | D16: Mix dépôt 0,20 + hub 0,40

Sheet Calculs
A1: Calculs intermédiaires — TCO poids lourd
A2: Formules reproduisant à l'identique le JS du simulateur.
A4: 1. Aide effective (plafonnée selon type)
A5: Aide max selon type (€) | B5: =IF(Saisies!$B$5="tracteur",Hypothèses!$B$12,Hypothèses!$C$12) -> 100000 | C5: Préset tracteur = 100 000 ; porteur = 50 000.
A6: Aide effective (€) | B6: =MIN(Saisies!$B$24,Calculs!$B$5) -> 100000 | C6: MIN(saisie, plafond du type).
A8: 2. Coûts d'acquisition (€ HT)
A9: Acquisition diesel | B9: =Saisies!$B$8 -> 110000 | C9: Prix catalogue HT.
A10: Acquisition électrique (après aide) | B10: =MAX(0,Saisies!$B$9-Calculs!$B$6) -> 185000 | C10: Prix HT − aide effective, borné à 0.
A11: Surcoût net à l'achat (E − D) | B11: =Calculs!$B$10-Calculs!$B$9 -> 75000 | C11: Positif = élec coûte plus à l'achat.
A12: Surcoût brut (avant aide) | B12: =Saisies!$B$9-Saisies!$B$8 -> 175000 | C12: Sert au % financé par l'État.
A14: 3. Coûts annuels d'opération (€/an)
A15: Carburant diesel /an | B15: =Saisies!$B$14*Saisies!$B$16/100*Saisies!$B$20 -> 47175 | C15: km × conso/100 × prix.
A16: Électricité PL /an | B16: =Saisies!$B$14*Saisies!$B$17/100*Saisies!$B$21 -> 30940 | C16: km × conso élec/100 × prix kWh.
A17: Opération diesel /an (carburant + maintenance) | B17: =Calculs!$B$15+Saisies!$B$10 -> 54175
A18: Opération électrique /an (élec + maintenance) | B18: =Calculs!$B$16+Saisies!$B$11 -> 34940
A19: Économie annuelle (D − E) | B19: =Calculs!$B$17-Calculs!$B$18 -> 19235 | C19: Positif = élec moins cher à l'opération.
A21: 4. TCO sur la durée de détention
A22: TCO diesel sur N ans | B22: =Calculs!$B$9+Saisies!$B$15*Calculs!$B$17 -> 380875 | C22: Acquisition + N × opération annuelle.
A23: TCO électrique sur N ans | B23: =Calculs!$B$10+Saisies!$B$15*Calculs!$B$18 -> 359700
A24: Gain TCO (D − E) | B24: =Calculs!$B$22-Calculs!$B$23 -> 21175 | C24: Positif = élec gagnant sur la période.
A26: 5. Point d'équilibre (BEP) et pivot km
A27: Point d'équilibre (années) — texte ou nombre | B27: =IF(Calculs!$B$19<=0,"Non rentable",IF(Calculs!$B$11<=0,"Immédiat",Calculs!$B$11/Calculs!$B$19)) -> 3.8991422 | C27: Surcoût ÷ économie annuelle. Si éco ≤ 0 → non rentable.
A28: BEP — valeur numérique (pour graph) | B28: =IFERROR(IF(Calculs!$B$19<=0,0,IF(Calculs!$B$11<=0,0,Calculs!$B$11/Calculs!$B$19)),0) -> 3.8991422 | C28: Version numérique utilisable dans formules.
A29: BEP atteint dans la durée de détention ? | B29: =IF(AND(ISNUMBER(Calculs!$B$27),Calculs!$B$27<=Saisies!$B$15),"Oui","Non") -> Oui | C29: Si BEP ≤ durée, l'investissement est amorti avant revente.
A30: Écart par km (€/km) — diesel − élec | B30: =(Saisies!$B$16*Saisies!$B$20-Saisies!$B$17*Saisies!$B$21)/100 -> 0.191 | C30: Différence de coût énergie par km parcouru.
A31: Écart maintenance (€/an) — diesel − élec | B31: =Saisies!$B$10-Saisies!$B$11 -> 3000 | C31: Économie maintenance annuelle.
A32: Pivot kilométrage (km/an pour amortir sur N ans) | B32: =IF(Calculs!$B$30<=0,"Non calculable",MAX(0,(Calculs!$B$11-Saisies!$B$15*Calculs!$B$31)/(Saisies!$B$15*Calculs!$B$30))) -> 62827.225 | C32: Surcoût net ÷ (durée × écart par km) après déduction de l'éco maintenance.
A34: 6. Part financée par l'État
A35: % du surcoût brut financé par l'aide | B35: =IF(Calculs!$B$12>0,MIN(1,Calculs!$B$6/Calculs!$B$12),0) -> 0.57142857 | C35: Borné à 100 %.

Sheet Résultats
B1: Résultats — synthèse
B2: Tous les indicateurs se mettent à jour automatiquement.
B4: Indicateurs clés
B5: Surcoût net à l'achat (vs diesel) | C5: =Calculs!$B$11 -> 75000 | D5: Reste après aide. Négatif = l'aide couvre l'écart.
B6: Économie annuelle (carburant + maintenance) | C6: =Calculs!$B$19 -> 19235 | D6: Diesel − électrique sur les coûts d'opération.
B7: Point d'équilibre | C7: =Calculs!$B$27 -> 3.8991422 | D7: Surcoût ÷ économie annuelle. Texte si non rentable / immédiat.
B8: Gain TCO sur la période | C8: =Calculs!$B$24 -> 21175 | D8: Économisé vs diesel sur la durée de détention.
B9: % du surcoût brut financé par l'État | C9: =Calculs!$B$35 -> 0.57142857 | D9: Aide effective ÷ surcoût brut (avant aide).
B10: Pivot kilométrage (km/an pour amortir) | C10: =Calculs!$B$32 -> 62827.225 | D10: Au-dessus de ce kilométrage, l'élec est rentable sur la période.
B13: Détail année par année — TCO cumulé
B14: Année | C14: TCO cumulé diesel | D14: TCO cumulé électrique | E14: Écart cumulé
B15: 0 | C15: =Calculs!$B$9 -> 110000 | D15: =Calculs!$B$10 -> 185000 | E15: =C15-D15 -> -75000
B16: 1 | C16: =IF(1<=Saisies!$B$15,Calculs!$B$9+1*Calculs!$B$17,"—") -> 164175 | D16: =IF(1<=Saisies!$B$15,Calculs!$B$10+1*Calculs!$B$18,"—") -> 219940 | E16: =IF(1<=Saisies!$B$15,C16-D16,"—") -> -55765
B17: 2 | C17: =IF(2<=Saisies!$B$15,Calculs!$B$9+2*Calculs!$B$17,"—") -> 218350 | D17: =IF(2<=Saisies!$B$15,Calculs!$B$10+2*Calculs!$B$18,"—") -> 254880 | E17: =IF(2<=Saisies!$B$15,C17-D17,"—") -> -36530
B18: 3 | C18: =IF(3<=Saisies!$B$15,Calculs!$B$9+3*Calculs!$B$17,"—") -> 272525 | D18: =IF(3<=Saisies!$B$15,Calculs!$B$10+3*Calculs!$B$18,"—") -> 289820 | E18: =IF(3<=Saisies!$B$15,C18-D18,"—") -> -17295
B19: 4 | C19: =IF(4<=Saisies!$B$15,Calculs!$B$9+4*Calculs!$B$17,"—") -> 326700 | D19: =IF(4<=Saisies!$B$15,Calculs!$B$10+4*Calculs!$B$18,"—") -> 324760 | E19: =IF(4<=Saisies!$B$15,C19-D19,"—") -> 1940
B20: 5 | C20: =IF(5<=Saisies!$B$15,Calculs!$B$9+5*Calculs!$B$17,"—") -> 380875 | D20: =IF(5<=Saisies!$B$15,Calculs!$B$10+5*Calculs!$B$18,"—") -> 359700 | E20: =IF(5<=Saisies!$B$15,C20-D20,"—") -> 21175
B21: 6 | C21: =IF(6<=Saisies!$B$15,Calculs!$B$9+6*Calculs!$B$17,"—") -> — | D21: =IF(6<=Saisies!$B$15,Calculs!$B$10+6*Calculs!$B$18,"—") -> — | E21: =IF(6<=Saisies!$B$15,C21-D21,"—") -> —
B22: 7 | C22: =IF(7<=Saisies!$B$15,Calculs!$B$9+7*Calculs!$B$17,"—") -> — | D22: =IF(7<=Saisies!$B$15,Calculs!$B$10+7*Calculs!$B$18,"—") -> — | E22: =IF(7<=Saisies!$B$15,C22-D22,"—") -> —
B23: 8 | C23: =IF(8<=Saisies!$B$15,Calculs!$B$9+8*Calculs!$B$17,"—") -> — | D23: =IF(8<=Saisies!$B$15,Calculs!$B$10+8*Calculs!$B$18,"—") -> — | E23: =IF(8<=Saisies!$B$15,C23-D23,"—") -> —
B24: 9 | C24: =IF(9<=Saisies!$B$15,Calculs!$B$9+9*Calculs!$B$17,"—") -> — | D24: =IF(9<=Saisies!$B$15,Calculs!$B$10+9*Calculs!$B$18,"—") -> — | E24: =IF(9<=Saisies!$B$15,C24-D24,"—") -> —
B25: 10 | C25: =IF(10<=Saisies!$B$15,Calculs!$B$9+10*Calculs!$B$17,"—") -> — | D25: =IF(10<=Saisies!$B$15,Calculs!$B$10+10*Calculs!$B$18,"—") -> — | E25: =IF(10<=Saisies!$B$15,C25-D25,"—") -> —
B27: Détail des coûts (cas par défaut)
B28: Acquisition diesel | C28: =Calculs!$B$9 -> 110000 | D28: Prix catalogue HT.
B29: Acquisition électrique (après aide) | C29: =Calculs!$B$10 -> 185000 | D29: Prix HT − aide effective.
B30: Aide effective mobilisée | C30: =Calculs!$B$6 -> 100000 | D30: Plafonnée au max du type.
B31: Carburant diesel /an | C31: =Calculs!$B$15 -> 47175 | D31: km × conso/100 × prix gazole.
B32: Électricité PL /an | C32: =Calculs!$B$16 -> 30940 | D32: km × conso élec/100 × prix kWh.
B33: Maintenance diesel /an | C33: =Saisies!$B$10 -> 7000
B34: Maintenance électrique /an | C34: =Saisies!$B$11 -> 4000
B35: Opération diesel /an | C35: =Calculs!$B$17 -> 54175 | D35: Carburant + maintenance.
B36: Opération électrique /an | C36: =Calculs!$B$18 -> 34940 | D36: Électricité + maintenance.
B37: TCO diesel sur N ans | C37: =Calculs!$B$22 -> 380875 | D37: Acquisition + N × opération.
B38: TCO électrique sur N ans | C38: =Calculs!$B$23 -> 359700

Sheet Sensibilité km
B1: Sensibilité au kilométrage annuel
B2: Gain TCO selon le kilométrage (toutes autres saisies inchangées). Pivot calculé en Calculs!
B4: Rappel pivot km calculé | C4: =Calculs!$B$32 -> 62827.225 | D4: Au-delà de ce km/an, le TCO électrique passe sous le diesel.
B6: Tableau de sensibilité
B7: km/an | C7: Carburant diesel /an | D7: Électricité PL /an | E7: Gain TCO sur durée | F7: Statut
B8: 20000 | C8: =20000*Saisies!$B$16/100*Saisies!$B$20 -> 11100 | D8: =20000*Saisies!$B$17/100*Saisies!$B$21 -> 7280 | E8: =(Calculs!$B$9-Calculs!$B$10)+Saisies!$B$15*((C8-D8)+(Saisies!$B$10-Saisies!$B$11)) -> -40900 | F8: =IF(E8>=0,"Rentable","Non rentable") -> Non rentable
B9: 30000 | C9: =30000*Saisies!$B$16/100*Saisies!$B$20 -> 16650 | D9: =30000*Saisies!$B$17/100*Saisies!$B$21 -> 10920 | E9: =(Calculs!$B$9-Calculs!$B$10)+Saisies!$B$15*((C9-D9)+(Saisies!$B$10-Saisies!$B$11)) -> -31350 | F9: =IF(E9>=0,"Rentable","Non rentable") -> Non rentable
B10: 40000 | C10: =40000*Saisies!$B$16/100*Saisies!$B$20 -> 22200 | D10: =40000*Saisies!$B$17/100*Saisies!$B$21 -> 14560 | E10: =(Calculs!$B$9-Calculs!$B$10)+Saisies!$B$15*((C10-D10)+(Saisies!$B$10-Saisies!$B$11)) -> -21800 | F10: =IF(E10>=0,"Rentable","Non rentable") -> Non rentable
B11: 50000 | C11: =50000*Saisies!$B$16/100*Saisies!$B$20 -> 27750 | D11: =50000*Saisies!$B$17/100*Saisies!$B$21 -> 18200 | E11: =(Calculs!$B$9-Calculs!$B$10)+Saisies!$B$15*((C11-D11)+(Saisies!$B$10-Saisies!$B$11)) -> -12250 | F11: =IF(E11>=0,"Rentable","Non rentable") -> Non rentable
B12: 60000 | C12: =60000*Saisies!$B$16/100*Saisies!$B$20 -> 33300 | D12: =60000*Saisies!$B$17/100*Saisies!$B$21 -> 21840 | E12: =(Calculs!$B$9-Calculs!$B$10)+Saisies!$B$15*((C12-D12)+(Saisies!$B$10-Saisies!$B$11)) -> -2700 | F12: =IF(E12>=0,"Rentable","Non rentable") -> Non rentable
B13: 70000 | C13: =70000*Saisies!$B$16/100*Saisies!$B$20 -> 38850 | D13: =70000*Saisies!$B$17/100*Saisies!$B$21 -> 25480 | E13: =(Calculs!$B$9-Calculs!$B$10)+Saisies!$B$15*((C13-D13)+(Saisies!$B$10-Saisies!$B$11)) -> 6850 | F13: =IF(E13>=0,"Rentable","Non rentable") -> Rentable
B14: 80000 | C14: =80000*Saisies!$B$16/100*Saisies!$B$20 -> 44400 | D14: =80000*Saisies!$B$17/100*Saisies!$B$21 -> 29120 | E14: =(Calculs!$B$9-Calculs!$B$10)+Saisies!$B$15*((C14-D14)+(Saisies!$B$10-Saisies!$B$11)) -> 16400 | F14: =IF(E14>=0,"Rentable","Non rentable") -> Rentable
B15: 90000 | C15: =90000*Saisies!$B$16/100*Saisies!$B$20 -> 49950 | D15: =90000*Saisies!$B$17/100*Saisies!$B$21 -> 32760 | E15: =(Calculs!$B$9-Calculs!$B$10)+Saisies!$B$15*((C15-D15)+(Saisies!$B$10-Saisies!$B$11)) -> 25950 | F15: =IF(E15>=0,"Rentable","Non rentable") -> Rentable
B16: 100000 | C16: =100000*Saisies!$B$16/100*Saisies!$B$20 -> 55500 | D16: =100000*Saisies!$B$17/100*Saisies!$B$21 -> 36400 | E16: =(Calculs!$B$9-Calculs!$B$10)+Saisies!$B$15*((C16-D16)+(Saisies!$B$10-Saisies!$B$11)) -> 35500 | F16: =IF(E16>=0,"Rentable","Non rentable") -> Rentable
B17: 110000 | C17: =110000*Saisies!$B$16/100*Saisies!$B$20 -> 61050 | D17: =110000*Saisies!$B$17/100*Saisies!$B$21 -> 40040 | E17: =(Calculs!$B$9-Calculs!$B$10)+Saisies!$B$15*((C17-D17)+(Saisies!$B$10-Saisies!$B$11)) -> 45050 | F17: =IF(E17>=0,"Rentable","Non rentable") -> Rentable
B18: 120000 | C18: =120000*Saisies!$B$16/100*Saisies!$B$20 -> 66600 | D18: =120000*Saisies!$B$17/100*Saisies!$B$21 -> 43680 | E18: =(Calculs!$B$9-Calculs!$B$10)+Saisies!$B$15*((C18-D18)+(Saisies!$B$10-Saisies!$B$11)) -> 54600 | F18: =IF(E18>=0,"Rentable","Non rentable") -> Rentable
B19: 130000 | C19: =130000*Saisies!$B$16/100*Saisies!$B$20 -> 72150 | D19: =130000*Saisies!$B$17/100*Saisies!$B$21 -> 47320 | E19: =(Calculs!$B$9-Calculs!$B$10)+Saisies!$B$15*((C19-D19)+(Saisies!$B$10-Saisies!$B$11)) -> 64150 | F19: =IF(E19>=0,"Rentable","Non rentable") -> Rentable
B20: 140000 | C20: =140000*Saisies!$B$16/100*Saisies!$B$20 -> 77700 | D20: =140000*Saisies!$B$17/100*Saisies!$B$21 -> 50960 | E20: =(Calculs!$B$9-Calculs!$B$10)+Saisies!$B$15*((C20-D20)+(Saisies!$B$10-Saisies!$B$11)) -> 73700 | F20: =IF(E20>=0,"Rentable","Non rentable") -> Rentable
B21: 150000 | C21: =150000*Saisies!$B$16/100*Saisies!$B$20 -> 83250 | D21: =150000*Saisies!$B$17/100*Saisies!$B$21 -> 54600 | E21: =(Calculs!$B$9-Calculs!$B$10)+Saisies!$B$15*((C21-D21)+(Saisies!$B$10-Saisies!$B$11)) -> 83250 | F21: =IF(E21>=0,"Rentable","Non rentable") -> Rentable
B22: 160000 | C22: =160000*Saisies!$B$16/100*Saisies!$B$20 -> 88800 | D22: =160000*Saisies!$B$17/100*Saisies!$B$21 -> 58240 | E22: =(Calculs!$B$9-Calculs!$B$10)+Saisies!$B$15*((C22-D22)+(Saisies!$B$10-Saisies!$B$11)) -> 92800 | F22: =IF(E22>=0,"Rentable","Non rentable") -> Rentable
B23: 170000 | C23: =170000*Saisies!$B$16/100*Saisies!$B$20 -> 94350 | D23: =170000*Saisies!$B$17/100*Saisies!$B$21 -> 61880 | E23: =(Calculs!$B$9-Calculs!$B$10)+Saisies!$B$15*((C23-D23)+(Saisies!$B$10-Saisies!$B$11)) -> 102350 | F23: =IF(E23>=0,"Rentable","Non rentable") -> Rentable
B24: 180000 | C24: =180000*Saisies!$B$16/100*Saisies!$B$20 -> 99900 | D24: =180000*Saisies!$B$17/100*Saisies!$B$21 -> 65520 | E24: =(Calculs!$B$9-Calculs!$B$10)+Saisies!$B$15*((C24-D24)+(Saisies!$B$10-Saisies!$B$11)) -> 111900 | F24: =IF(E24>=0,"Rentable","Non rentable") -> Rentable
B25: 190000 | C25: =190000*Saisies!$B$16/100*Saisies!$B$20 -> 105450 | D25: =190000*Saisies!$B$17/100*Saisies!$B$21 -> 69160 | E25: =(Calculs!$B$9-Calculs!$B$10)+Saisies!$B$15*((C25-D25)+(Saisies!$B$10-Saisies!$B$11)) -> 121450 | F25: =IF(E25>=0,"Rentable","Non rentable") -> Rentable
B26: 200000 | C26: =200000*Saisies!$B$16/100*Saisies!$B$20 -> 111000 | D26: =200000*Saisies!$B$17/100*Saisies!$B$21 -> 72800 | E26: =(Calculs!$B$9-Calculs!$B$10)+Saisies!$B$15*((C26-D26)+(Saisies!$B$10-Saisies!$B$11)) -> 131000 | F26: =IF(E26>=0,"Rentable","Non rentable") -> Rentable
B28: Premier km/an rentable (gain ≥ 0) | C28: =IFERROR(INDEX(B8:B26,MATCH(TRUE(),E8:E26>=0,0)),"Aucun") -> Aucun | D28: Première ligne du tableau où l'électrique gagne (par pas de 10 000 km).
